$,_ft,settlementdate,v#
QLD1,Battery Storage,2021-09-22 12:00:00,0
QLD1,Battery Storage,2021-09-22 12:05:00,0
QLD1,Battery Storage,2021-09-22 12:10:00,0
QLD1,Battery Storage,2021-09-22 12:15:00,0
QLD1,Battery Storage,2021-09-22 12:20:00,0
QLD1,Battery Storage,2021-09-22 12:25:00,0
QLD1,Battery Storage,2021-09-22 12:30:00,0
QLD1,Battery Storage,2021-09-22 12:35:00,0
QLD1,Battery Storage,2021-09-22 12:40:00,0
QLD1,Battery Storage,2021-09-22 12:45:00,0
QLD1,Battery Storage,2021-09-22 12:50:00,0
QLD1,Battery Storage,2021-09-22 12:55:00,0
QLD1,Battery Storage,2021-09-22 13:00:00,0
QLD1,Battery Storage,2021-09-22 13:05:00,0
QLD1,Battery Storage,2021-09-22 13:10:00,0
QLD1,Battery Storage,2021-09-22 13:15:00,0
QLD1,Battery Storage,2021-09-22 13:20:00,0
QLD1,Battery Storage,2021-09-22 13:25:00,0
QLD1,Battery Storage,2021-09-22 13:30:00,0
QLD1,Battery Storage,2021-09-22 13:35:00,0
QLD1,Battery Storage,2021-09-22 13:40:00,0
QLD1,Battery Storage,2021-09-22 13:45:00,0
QLD1,Battery Storage,2021-09-22 13:50:00,0
QLD1,Battery Storage,2021-09-22 13:55:00,0
QLD1,Battery Storage,2021-09-22 14:00:00,0
QLD1,Battery Storage,2021-09-22 14:05:00,0
QLD1,Battery Storage,2021-09-22 14:10:00,0
QLD1,Battery Storage,2021-09-22 14:15:00,0
QLD1,Battery Storage,2021-09-22 14:20:00,0
QLD1,Battery Storage,2021-09-22 14:25:00,0
QLD1,Battery Storage,2021-09-22 14:30:00,0
QLD1,Battery Storage,2021-09-22 14:35:00,0
QLD1,Battery Storage,2021-09-22 14:40:00,0
QLD1,Battery Storage,2021-09-22 14:45:00,0
QLD1,Battery Storage,2021-09-22 14:50:00,0
QLD1,Battery Storage,2021-09-22 14:55:00,0
QLD1,Battery Storage,2021-09-22 15:00:00,0
QLD1,Biomass,2021-09-22 12:00:00,34.300001
QLD1,Biomass,2021-09-22 12:05:00,34.300001
QLD1,Biomass,2021-09-22 12:10:00,34.3
QLD1,Biomass,2021-09-22 12:15:00,42.000002
QLD1,Biomass,2021-09-22 12:20:00,40.500001
QLD1,Biomass,2021-09-22 12:25:00,49.800002000000006
QLD1,Biomass,2021-09-22 12:30:00,47.100002
QLD1,Biomass,2021-09-22 12:35:00,41.1
QLD1,Biomass,2021-09-22 12:40:00,46
QLD1,Biomass,2021-09-22 12:45:00,45.1
QLD1,Biomass,2021-09-22 12:50:00,48.6
QLD1,Biomass,2021-09-22 12:55:00,51.000001
QLD1,Biomass,2021-09-22 13:00:00,51.700002
QLD1,Biomass,2021-09-22 13:05:00,54.200001
QLD1,Biomass,2021-09-22 13:10:00,54.700001
QLD1,Biomass,2021-09-22 13:15:00,55.5
QLD1,Biomass,2021-09-22 13:20:00,52.700001
QLD1,Biomass,2021-09-22 13:25:00,55.7
QLD1,Biomass,2021-09-22 13:30:00,51.400001
QLD1,Biomass,2021-09-22 13:35:00,49.999999
QLD1,Biomass,2021-09-22 13:40:00,45.300002000000006
QLD1,Biomass,2021-09-22 13:45:00,46.100002
QLD1,Biomass,2021-09-22 13:50:00,42.700002000000005
QLD1,Biomass,2021-09-22 13:55:00,43.400002
QLD1,Biomass,2021-09-22 14:00:00,39.300002
QLD1,Biomass,2021-09-22 14:05:00,40.899999
QLD1,Biomass,2021-09-22 14:10:00,42.6
QLD1,Biomass,2021-09-22 14:15:00,38.899999
QLD1,Biomass,2021-09-22 14:20:00,37.6
QLD1,Biomass,2021-09-22 14:25:00,34.800001
QLD1,Biomass,2021-09-22 14:30:00,36.1
QLD1,Biomass,2021-09-22 14:35:00,33.200001
QLD1,Biomass,2021-09-22 14:40:00,34.800001
QLD1,Biomass,2021-09-22 14:45:00,40.200002000000005
QLD1,Biomass,2021-09-22 14:50:00,40.000002
QLD1,Biomass,2021-09-22 14:55:00,42.200002000000005
QLD1,Biomass,2021-09-22 15:00:00,40.700002000000005
QLD1,Black Coal,2021-09-22 12:00:00,4118.60487
QLD1,Black Coal,2021-09-22 12:05:00,4146.800450000001
QLD1,Black Coal,2021-09-22 12:10:00,4202.67534
QLD1,Black Coal,2021-09-22 12:15:00,4150.359209999999
QLD1,Black Coal,2021-09-22 12:20:00,4114.43646
QLD1,Black Coal,2021-09-22 12:25:00,4091.0777599999997
QLD1,Black Coal,2021-09-22 12:30:00,4054.02742
QLD1,Black Coal,2021-09-22 12:35:00,4011.968610000001
QLD1,Black Coal,2021-09-22 12:40:00,3992.69223
QLD1,Black Coal,2021-09-22 12:45:00,3984.2640200000005
QLD1,Black Coal,2021-09-22 12:50:00,3937.21427
QLD1,Black Coal,2021-09-22 12:55:00,3954.3976199999997
QLD1,Black Coal,2021-09-22 13:00:00,3936.2321
QLD1,Black Coal,2021-09-22 13:05:00,3958.086410000001
QLD1,Black Coal,2021-09-22 13:10:00,3977.9430599999996
QLD1,Black Coal,2021-09-22 13:15:00,3974.1782799999996
QLD1,Black Coal,2021-09-22 13:20:00,3976.8937
QLD1,Black Coal,2021-09-22 13:25:00,3989.8417400000008
QLD1,Black Coal,2021-09-22 13:30:00,4024.465669999999
QLD1,Black Coal,2021-09-22 13:35:00,4004.1878199999996
QLD1,Black Coal,2021-09-22 13:40:00,3976.5040500000005
QLD1,Black Coal,2021-09-22 13:45:00,3979.49975
QLD1,Black Coal,2021-09-22 13:50:00,3968.9720199999997
QLD1,Black Coal,2021-09-22 13:55:00,3978.1763499999997
QLD1,Black Coal,2021-09-22 14:00:00,3992.8535
QLD1,Black Coal,2021-09-22 14:05:00,3996.47978
QLD1,Black Coal,2021-09-22 14:10:00,4002.8468500000004
QLD1,Black Coal,2021-09-22 14:15:00,4018.0649500000004
QLD1,Black Coal,2021-09-22 14:20:00,4060.9974800000005
QLD1,Black Coal,2021-09-22 14:25:00,4086.3294300000002
QLD1,Black Coal,2021-09-22 14:30:00,4096.74827
QLD1,Black Coal,2021-09-22 14:35:00,4127.34332
QLD1,Black Coal,2021-09-22 14:40:00,4106.401739999999
QLD1,Black Coal,2021-09-22 14:45:00,4117.97761
QLD1,Black Coal,2021-09-22 14:50:00,4140.88884
QLD1,Black Coal,2021-09-22 14:55:00,4181.0190999999995
QLD1,Black Coal,2021-09-22 15:00:00,4240.60435
QLD1,Gas,2021-09-22 12:00:00,304.872996
QLD1,Gas,2021-09-22 12:05:00,305.30108800000005
QLD1,Gas,2021-09-22 12:10:00,309.740946
QLD1,Gas,2021-09-22 12:15:00,301.215326
QLD1,Gas,2021-09-22 12:20:00,309.324746
QLD1,Gas,2021-09-22 12:25:00,307.818133
QLD1,Gas,2021-09-22 12:30:00,307.37958100000003
QLD1,Gas,2021-09-22 12:35:00,308.852845
QLD1,Gas,2021-09-22 12:40:00,307.003952
QLD1,Gas,2021-09-22 12:45:00,312.62140600000004
QLD1,Gas,2021-09-22 12:50:00,305.439005
QLD1,Gas,2021-09-22 12:55:00,312.03370299999995
QLD1,Gas,2021-09-22 13:00:00,308.31239500000004
QLD1,Gas,2021-09-22 13:05:00,314.299016
QLD1,Gas,2021-09-22 13:10:00,311.81925500000006
QLD1,Gas,2021-09-22 13:15:00,310.05266200000005
QLD1,Gas,2021-09-22 13:20:00,311.331096
QLD1,Gas,2021-09-22 13:25:00,310.66621000000004
QLD1,Gas,2021-09-22 13:30:00,313.38372200000003
QLD1,Gas,2021-09-22 13:35:00,308.89396
QLD1,Gas,2021-09-22 13:40:00,304.209846
QLD1,Gas,2021-09-22 13:45:00,311.59031000000004
QLD1,Gas,2021-09-22 13:50:00,311.00857199999996
QLD1,Gas,2021-09-22 13:55:00,311.557587
QLD1,Gas,2021-09-22 14:00:00,308.18859199999997
QLD1,Gas,2021-09-22 14:05:00,311.03533699999997
QLD1,Gas,2021-09-22 14:10:00,306.74285199999997
QLD1,Gas,2021-09-22 14:15:00,304.344292
QLD1,Gas,2021-09-22 14:20:00,311.38746
QLD1,Gas,2021-09-22 14:25:00,307.60967199999993
QLD1,Gas,2021-09-22 14:30:00,306.063353
QLD1,Gas,2021-09-22 14:35:00,310.403925
QLD1,Gas,2021-09-22 14:40:00,304.02781
QLD1,Gas,2021-09-22 14:45:00,308.459534
QLD1,Gas,2021-09-22 14:50:00,309.90565
QLD1,Gas,2021-09-22 14:55:00,308.163498
QLD1,Gas,2021-09-22 15:00:00,309.753115
QLD1,Hydro,2021-09-22 12:00:00,53.795
QLD1,Hydro,2021-09-22 12:05:00,54.059999999999995
QLD1,Hydro,2021-09-22 12:10:00,53.915000000000006
QLD1,Hydro,2021-09-22 12:15:00,53.962500000000006
QLD1,Hydro,2021-09-22 12:20:00,53.9775
QLD1,Hydro,2021-09-22 12:25:00,54.1575
QLD1,Hydro,2021-09-22 12:30:00,53.8875
QLD1,Hydro,2021-09-22 12:35:00,54.112500000000004
QLD1,Hydro,2021-09-22 12:40:00,54.19
QLD1,Hydro,2021-09-22 12:45:00,54.275000000000006
QLD1,Hydro,2021-09-22 12:50:00,54.2325
QLD1,Hydro,2021-09-22 12:55:00,54.25750000000001
QLD1,Hydro,2021-09-22 13:00:00,53.92
QLD1,Hydro,2021-09-22 13:05:00,54.0975
QLD1,Hydro,2021-09-22 13:10:00,54.235
QLD1,Hydro,2021-09-22 13:15:00,54.407500000000006
QLD1,Hydro,2021-09-22 13:20:00,54.155
QLD1,Hydro,2021-09-22 13:25:00,54.065
QLD1,Hydro,2021-09-22 13:30:00,54.33
QLD1,Hydro,2021-09-22 13:35:00,54.2775
QLD1,Hydro,2021-09-22 13:40:00,54.059999999999995
QLD1,Hydro,2021-09-22 13:45:00,54.2225
QLD1,Hydro,2021-09-22 13:50:00,59.4275
QLD1,Hydro,2021-09-22 13:55:00,59.28249999999999
QLD1,Hydro,2021-09-22 14:00:00,59.54
QLD1,Hydro,2021-09-22 14:05:00,59.745000000000005
QLD1,Hydro,2021-09-22 14:10:00,69.0675
QLD1,Hydro,2021-09-22 14:15:00,68.955
QLD1,Hydro,2021-09-22 14:20:00,69.1575
QLD1,Hydro,2021-09-22 14:25:00,69.0125
QLD1,Hydro,2021-09-22 14:30:00,75.905
QLD1,Hydro,2021-09-22 14:35:00,69.1575
QLD1,Hydro,2021-09-22 14:40:00,79.52
QLD1,Hydro,2021-09-22 14:45:00,79.425
QLD1,Hydro,2021-09-22 14:50:00,79.64000000000001
QLD1,Hydro,2021-09-22 14:55:00,110.835
QLD1,Hydro,2021-09-22 15:00:00,111.63
QLD1,Hydro Storage,2021-09-22 12:00:00,-237.03
QLD1,Hydro Storage,2021-09-22 12:05:00,-237.11
QLD1,Hydro Storage,2021-09-22 12:10:00,-236.95
QLD1,Hydro Storage,2021-09-22 12:15:00,-237.45999
QLD1,Hydro Storage,2021-09-22 12:20:00,-238.47
QLD1,Hydro Storage,2021-09-22 12:25:00,-238.03999
QLD1,Hydro Storage,2021-09-22 12:30:00,-238.09999
QLD1,Hydro Storage,2021-09-22 12:35:00,-237.95
QLD1,Hydro Storage,2021-09-22 12:40:00,-238.12
QLD1,Hydro Storage,2021-09-22 12:45:00,-237.11
QLD1,Hydro Storage,2021-09-22 12:50:00,-236.98999
QLD1,Hydro Storage,2021-09-22 12:55:00,-236.73999
QLD1,Hydro Storage,2021-09-22 13:00:00,-237.81
QLD1,Hydro Storage,2021-09-22 13:05:00,-236.5
QLD1,Hydro Storage,2021-09-22 13:10:00,-237.73999
QLD1,Hydro Storage,2021-09-22 13:15:00,-236.7
QLD1,Hydro Storage,2021-09-22 13:20:00,-236.95
QLD1,Hydro Storage,2021-09-22 13:25:00,-236.95
QLD1,Hydro Storage,2021-09-22 13:30:00,-236.75
QLD1,Hydro Storage,2021-09-22 13:35:00,-236.47
QLD1,Hydro Storage,2021-09-22 13:40:00,-237.20999
QLD1,Hydro Storage,2021-09-22 13:45:00,-236.47
QLD1,Hydro Storage,2021-09-22 13:50:00,-237.67999
QLD1,Hydro Storage,2021-09-22 13:55:00,-236.59
QLD1,Hydro Storage,2021-09-22 14:00:00,-236.20999
QLD1,Hydro Storage,2021-09-22 14:05:00,-235.86
QLD1,Hydro Storage,2021-09-22 14:10:00,-236.25
QLD1,Hydro Storage,2021-09-22 14:15:00,-236.53999
QLD1,Hydro Storage,2021-09-22 14:20:00,-236.06
QLD1,Hydro Storage,2021-09-22 14:25:00,-236.37999
QLD1,Hydro Storage,2021-09-22 14:30:00,-237.00999
QLD1,Hydro Storage,2021-09-22 14:35:00,-235.89
QLD1,Hydro Storage,2021-09-22 14:40:00,-237.29999
QLD1,Hydro Storage,2021-09-22 14:45:00,-236.39999
QLD1,Hydro Storage,2021-09-22 14:50:00,-236.20999
QLD1,Hydro Storage,2021-09-22 14:55:00,-236.17
QLD1,Hydro Storage,2021-09-22 15:00:00,-235.39999
QLD1,Liquid Fuel,2021-09-22 12:00:00,0
QLD1,Liquid Fuel,2021-09-22 12:05:00,0
QLD1,Liquid Fuel,2021-09-22 12:10:00,0
QLD1,Liquid Fuel,2021-09-22 12:15:00,0
QLD1,Liquid Fuel,2021-09-22 12:20:00,0
QLD1,Liquid Fuel,2021-09-22 12:25:00,0
QLD1,Liquid Fuel,2021-09-22 12:30:00,0
QLD1,Liquid Fuel,2021-09-22 12:35:00,0
QLD1,Liquid Fuel,2021-09-22 12:40:00,0
QLD1,Liquid Fuel,2021-09-22 12:45:00,0
QLD1,Liquid Fuel,2021-09-22 12:50:00,0
QLD1,Liquid Fuel,2021-09-22 12:55:00,0
QLD1,Liquid Fuel,2021-09-22 13:00:00,0
QLD1,Liquid Fuel,2021-09-22 13:05:00,0
QLD1,Liquid Fuel,2021-09-22 13:10:00,0
QLD1,Liquid Fuel,2021-09-22 13:15:00,0
QLD1,Liquid Fuel,2021-09-22 13:20:00,0
QLD1,Liquid Fuel,2021-09-22 13:25:00,0
QLD1,Liquid Fuel,2021-09-22 13:30:00,0
QLD1,Liquid Fuel,2021-09-22 13:35:00,0
QLD1,Liquid Fuel,2021-09-22 13:40:00,0
QLD1,Liquid Fuel,2021-09-22 13:45:00,0
QLD1,Liquid Fuel,2021-09-22 13:50:00,0
QLD1,Liquid Fuel,2021-09-22 13:55:00,0
QLD1,Liquid Fuel,2021-09-22 14:00:00,0
QLD1,Liquid Fuel,2021-09-22 14:05:00,0
QLD1,Liquid Fuel,2021-09-22 14:10:00,41.56526
QLD1,Liquid Fuel,2021-09-22 14:15:00,93.63946
QLD1,Liquid Fuel,2021-09-22 14:20:00,133.16565
QLD1,Liquid Fuel,2021-09-22 14:25:00,138.18486
QLD1,Liquid Fuel,2021-09-22 14:30:00,137.0869
QLD1,Liquid Fuel,2021-09-22 14:35:00,138.18486
QLD1,Liquid Fuel,2021-09-22 14:40:00,138.028
QLD1,Liquid Fuel,2021-09-22 14:45:00,138.028
QLD1,Liquid Fuel,2021-09-22 14:50:00,138.028
QLD1,Liquid Fuel,2021-09-22 14:55:00,138.028
QLD1,Liquid Fuel,2021-09-22 15:00:00,138.028
QLD1,Solar,2021-09-22 12:00:00,676.925631
QLD1,Solar,2021-09-22 12:05:00,674.82633
QLD1,Solar,2021-09-22 12:10:00,665.5182110000001
QLD1,Solar,2021-09-22 12:15:00,658.42913
QLD1,Solar,2021-09-22 12:20:00,677.3882799999999
QLD1,Solar,2021-09-22 12:25:00,680.6047610000002
QLD1,Solar,2021-09-22 12:30:00,678.2416010000001
QLD1,Solar,2021-09-22 12:35:00,668.1036210000001
QLD1,Solar,2021-09-22 12:40:00,661.4224510000001
QLD1,Solar,2021-09-22 12:45:00,673.2826899999999
QLD1,Solar,2021-09-22 12:50:00,676.6703210000001
QLD1,Solar,2021-09-22 12:55:00,674.6410510000001
QLD1,Solar,2021-09-22 13:00:00,680.05871
QLD1,Solar,2021-09-22 13:05:00,679.420431
QLD1,Solar,2021-09-22 13:10:00,670.54706
QLD1,Solar,2021-09-22 13:15:00,650.03842
QLD1,Solar,2021-09-22 13:20:00,569.969671
QLD1,Solar,2021-09-22 13:25:00,631.4096800000001
QLD1,Solar,2021-09-22 13:30:00,565.9425899999999
QLD1,Solar,2021-09-22 13:35:00,610.49835
QLD1,Solar,2021-09-22 13:40:00,631.1184199999999
QLD1,Solar,2021-09-22 13:45:00,649.446131
QLD1,Solar,2021-09-22 13:50:00,669.417271
QLD1,Solar,2021-09-22 13:55:00,656.4566599999999
QLD1,Solar,2021-09-22 14:00:00,640.3627809999999
QLD1,Solar,2021-09-22 14:05:00,626.45979
QLD1,Solar,2021-09-22 14:10:00,642.2761099999999
QLD1,Solar,2021-09-22 14:15:00,653.6812199999998
QLD1,Solar,2021-09-22 14:20:00,638.86702
QLD1,Solar,2021-09-22 14:25:00,669.700601
QLD1,Solar,2021-09-22 14:30:00,669.63868
QLD1,Solar,2021-09-22 14:35:00,639.168871
QLD1,Solar,2021-09-22 14:40:00,645.0186510000002
QLD1,Solar,2021-09-22 14:45:00,631.290371
QLD1,Solar,2021-09-22 14:50:00,632.074701
QLD1,Solar,2021-09-22 14:55:00,638.6963509999999
QLD1,Solar,2021-09-22 15:00:00,650.3712210000001
QLD1,Wind,2021-09-22 12:00:00,66.05
QLD1,Wind,2021-09-22 12:05:00,63.68
QLD1,Wind,2021-09-22 12:10:00,72.17999999999999
QLD1,Wind,2021-09-22 12:15:00,91.83
QLD1,Wind,2021-09-22 12:20:00,100
QLD1,Wind,2021-09-22 12:25:00,96.77
QLD1,Wind,2021-09-22 12:30:00,105.23
QLD1,Wind,2021-09-22 12:35:00,111.71000000000001
QLD1,Wind,2021-09-22 12:40:00,103.5
QLD1,Wind,2021-09-22 12:45:00,111.49
QLD1,Wind,2021-09-22 12:50:00,97.41999999999999
QLD1,Wind,2021-09-22 12:55:00,89.05
QLD1,Wind,2021-09-22 13:00:00,107.83999999999999
QLD1,Wind,2021-09-22 13:05:00,103.77
QLD1,Wind,2021-09-22 13:10:00,117.9
QLD1,Wind,2021-09-22 13:15:00,123.85
QLD1,Wind,2021-09-22 13:20:00,124.69
QLD1,Wind,2021-09-22 13:25:00,149.25
QLD1,Wind,2021-09-22 13:30:00,141.01
QLD1,Wind,2021-09-22 13:35:00,148.72001
QLD1,Wind,2021-09-22 13:40:00,169.82999999999998
QLD1,Wind,2021-09-22 13:45:00,168.83999999999997
QLD1,Wind,2021-09-22 13:50:00,145.18
QLD1,Wind,2021-09-22 13:55:00,152.82
QLD1,Wind,2021-09-22 14:00:00,157.41998999999998
QLD1,Wind,2021-09-22 14:05:00,129.57
QLD1,Wind,2021-09-22 14:10:00,150.66001
QLD1,Wind,2021-09-22 14:15:00,144.96
QLD1,Wind,2021-09-22 14:20:00,146.02
QLD1,Wind,2021-09-22 14:25:00,127.44
QLD1,Wind,2021-09-22 14:30:00,124.02
QLD1,Wind,2021-09-22 14:35:00,145.60001
QLD1,Wind,2021-09-22 14:40:00,130.89000000000001
QLD1,Wind,2021-09-22 14:45:00,133.91
QLD1,Wind,2021-09-22 14:50:00,120.14
QLD1,Wind,2021-09-22 14:55:00,121.51
QLD1,Wind,2021-09-22 15:00:00,118.92
QLD1,Rooftop PV,2021-09-22 12:00:00,2816.54
QLD1,Rooftop PV,2021-09-22 12:05:00,2814.29833333
QLD1,Rooftop PV,2021-09-22 12:10:00,2812.05666667
QLD1,Rooftop PV,2021-09-22 12:15:00,2809.815
QLD1,Rooftop PV,2021-09-22 12:20:00,2807.57333333
QLD1,Rooftop PV,2021-09-22 12:25:00,2805.33166667
QLD1,Rooftop PV,2021-09-22 12:30:00,2803.09
QLD1,Rooftop PV,2021-09-22 12:35:00,2787.445
QLD1,Rooftop PV,2021-09-22 12:40:00,2771.8
QLD1,Rooftop PV,2021-09-22 12:45:00,2756.155
QLD1,Rooftop PV,2021-09-22 12:50:00,2740.51
QLD1,Rooftop PV,2021-09-22 12:55:00,2724.865
QLD1,Rooftop PV,2021-09-22 13:00:00,2709.22
QLD1,Rooftop PV,2021-09-22 13:05:00,2686.29
QLD1,Rooftop PV,2021-09-22 13:10:00,2663.36
QLD1,Rooftop PV,2021-09-22 13:15:00,2640.43
QLD1,Rooftop PV,2021-09-22 13:20:00,2617.5
QLD1,Rooftop PV,2021-09-22 13:25:00,2594.57
QLD1,Rooftop PV,2021-09-22 13:30:00,2571.64
QLD1,Rooftop PV,2021-09-22 13:35:00,2547.26166667
QLD1,Rooftop PV,2021-09-22 13:40:00,2522.88333333
QLD1,Rooftop PV,2021-09-22 13:45:00,2498.505
QLD1,Rooftop PV,2021-09-22 13:50:00,2474.12666667
QLD1,Rooftop PV,2021-09-22 13:55:00,2449.74833333
QLD1,Rooftop PV,2021-09-22 14:00:00,2425.37
QLD1,Rooftop PV,2021-09-22 14:05:00,2384.61666667
QLD1,Rooftop PV,2021-09-22 14:10:00,2343.86333333
QLD1,Rooftop PV,2021-09-22 14:15:00,2303.11
QLD1,Rooftop PV,2021-09-22 14:20:00,2262.35666667
QLD1,Rooftop PV,2021-09-22 14:25:00,2221.60333333
QLD1,Rooftop PV,2021-09-22 14:30:00,2180.85
QLD1,Rooftop PV,2021-09-22 14:35:00,2134.70666667
QLD1,Rooftop PV,2021-09-22 14:40:00,2088.56333333
QLD1,Rooftop PV,2021-09-22 14:45:00,2042.42
QLD1,Rooftop PV,2021-09-22 14:50:00,1996.27666667
QLD1,Rooftop PV,2021-09-22 14:55:00,1950.13333333
QLD1,Rooftop PV,2021-09-22 15:00:00,1903.99
NSW1,Black Coal,2021-09-22 12:00:00,3938.56883
NSW1,Black Coal,2021-09-22 12:05:00,3864.21274
NSW1,Black Coal,2021-09-22 12:10:00,3879.62498
NSW1,Black Coal,2021-09-22 12:15:00,3809.64994
NSW1,Black Coal,2021-09-22 12:20:00,3827.7373900000002
NSW1,Black Coal,2021-09-22 12:25:00,3779.05623
NSW1,Black Coal,2021-09-22 12:30:00,3779.46866
NSW1,Black Coal,2021-09-22 12:35:00,3740.90003
NSW1,Black Coal,2021-09-22 12:40:00,3683.53142
NSW1,Black Coal,2021-09-22 12:45:00,3686.46255
NSW1,Black Coal,2021-09-22 12:50:00,3653.86261
NSW1,Black Coal,2021-09-22 12:55:00,3678.6749400000003
NSW1,Black Coal,2021-09-22 13:00:00,3656.0687
NSW1,Black Coal,2021-09-22 13:05:00,3687.74995
NSW1,Black Coal,2021-09-22 13:10:00,3696.7874800000004
NSW1,Black Coal,2021-09-22 13:15:00,3707.37499
NSW1,Black Coal,2021-09-22 13:20:00,3740.2313699999995
NSW1,Black Coal,2021-09-22 13:25:00,3732.0872000000004
NSW1,Black Coal,2021-09-22 13:30:00,3768.37501
NSW1,Black Coal,2021-09-22 13:35:00,3736.6876799999995
NSW1,Black Coal,2021-09-22 13:40:00,3724.4251099999997
NSW1,Black Coal,2021-09-22 13:45:00,3756.1438900000003
NSW1,Black Coal,2021-09-22 13:50:00,3737.74986
NSW1,Black Coal,2021-09-22 13:55:00,3757.6062300000003
NSW1,Black Coal,2021-09-22 14:00:00,3741.27512
NSW1,Black Coal,2021-09-22 14:05:00,3755.16265
NSW1,Black Coal,2021-09-22 14:10:00,3720.40614
NSW1,Black Coal,2021-09-22 14:15:00,3680.08756
NSW1,Black Coal,2021-09-22 14:20:00,3672.48744
NSW1,Black Coal,2021-09-22 14:25:00,3677.6812099999997
NSW1,Black Coal,2021-09-22 14:30:00,3664.6684999999998
NSW1,Black Coal,2021-09-22 14:35:00,3695.68759
NSW1,Black Coal,2021-09-22 14:40:00,3662.1310999999996
NSW1,Black Coal,2021-09-22 14:45:00,3691.0248300000003
NSW1,Black Coal,2021-09-22 14:50:00,3702.85016
NSW1,Black Coal,2021-09-22 14:55:00,3675.50011
NSW1,Black Coal,2021-09-22 15:00:00,3740.2376000000004
NSW1,Gas,2021-09-22 12:00:00,0.15386
NSW1,Gas,2021-09-22 12:05:00,0.1639
NSW1,Gas,2021-09-22 12:10:00,0.15386
NSW1,Gas,2021-09-22 12:15:00,0.15386
NSW1,Gas,2021-09-22 12:20:00,0.15386
NSW1,Gas,2021-09-22 12:25:00,-2.2899000000000003
NSW1,Gas,2021-09-22 12:30:00,0.15386
NSW1,Gas,2021-09-22 12:35:00,0.17395
NSW1,Gas,2021-09-22 12:40:00,0.15386
NSW1,Gas,2021-09-22 12:45:00,0.15386
NSW1,Gas,2021-09-22 12:50:00,0.1639
NSW1,Gas,2021-09-22 12:55:00,0.15386
NSW1,Gas,2021-09-22 13:00:00,0.15386
NSW1,Gas,2021-09-22 13:05:00,0.15386
NSW1,Gas,2021-09-22 13:10:00,0.15386
NSW1,Gas,2021-09-22 13:15:00,0.15386
NSW1,Gas,2021-09-22 13:20:00,0.15386
NSW1,Gas,2021-09-22 13:25:00,0.17395
NSW1,Gas,2021-09-22 13:30:00,0.17395
NSW1,Gas,2021-09-22 13:35:00,0.15386
NSW1,Gas,2021-09-22 13:40:00,0.15386
NSW1,Gas,2021-09-22 13:45:00,0.15386
NSW1,Gas,2021-09-22 13:50:00,0.17395
NSW1,Gas,2021-09-22 13:55:00,0.15386
NSW1,Gas,2021-09-22 14:00:00,0.14381
NSW1,Gas,2021-09-22 14:05:00,0.15386
NSW1,Gas,2021-09-22 14:10:00,0.17395
NSW1,Gas,2021-09-22 14:15:00,0.17395
NSW1,Gas,2021-09-22 14:20:00,0.14381
NSW1,Gas,2021-09-22 14:25:00,0.1639
NSW1,Gas,2021-09-22 14:30:00,0.184
NSW1,Gas,2021-09-22 14:35:00,0.17395
NSW1,Gas,2021-09-22 14:40:00,0.13376
NSW1,Gas,2021-09-22 14:45:00,0.15386
NSW1,Gas,2021-09-22 14:50:00,0.17395
NSW1,Gas,2021-09-22 14:55:00,0.1639
NSW1,Gas,2021-09-22 15:00:00,0.13376
NSW1,Hydro,2021-09-22 12:00:00,40.05575
NSW1,Hydro,2021-09-22 12:05:00,40.02741
NSW1,Hydro,2021-09-22 12:10:00,39.8156
NSW1,Hydro,2021-09-22 12:15:00,36.1392
NSW1,Hydro,2021-09-22 12:20:00,35.5707
NSW1,Hydro,2021-09-22 12:25:00,35.920339999999996
NSW1,Hydro,2021-09-22 12:30:00,35.98725
NSW1,Hydro,2021-09-22 12:35:00,35.5707
NSW1,Hydro,2021-09-22 12:40:00,35.62741
NSW1,Hydro,2021-09-22 12:45:00,36.15575
NSW1,Hydro,2021-09-22 12:50:00,35.9723
NSW1,Hydro,2021-09-22 12:55:00,36.00381
NSW1,Hydro,2021-09-22 13:00:00,35.51085
NSW1,Hydro,2021-09-22 13:05:00,36.079350000000005
NSW1,Hydro,2021-09-22 13:10:00,56.823350000000005
NSW1,Hydro,2021-09-22 13:15:00,35.15953
NSW1,Hydro,2021-09-22 13:20:00,54.60804999999999
NSW1,Hydro,2021-09-22 13:25:00,55.43742
NSW1,Hydro,2021-09-22 13:30:00,56.07275
NSW1,Hydro,2021-09-22 13:35:00,55.103579999999994
NSW1,Hydro,2021-09-22 13:40:00,53.58284
NSW1,Hydro,2021-09-22 13:45:00,55.236959999999996
NSW1,Hydro,2021-09-22 13:50:00,53.17372
NSW1,Hydro,2021-09-22 13:55:00,55.63346
NSW1,Hydro,2021-09-22 14:00:00,54.11565
NSW1,Hydro,2021-09-22 14:05:00,54.995870000000004
NSW1,Hydro,2021-09-22 14:10:00,51.84079
NSW1,Hydro,2021-09-22 14:15:00,52.91195999999999
NSW1,Hydro,2021-09-22 14:20:00,55.3141
NSW1,Hydro,2021-09-22 14:25:00,54.219759999999994
NSW1,Hydro,2021-09-22 14:30:00,52.739459999999994
NSW1,Hydro,2021-09-22 14:35:00,56.06246999999999
NSW1,Hydro,2021-09-22 14:40:00,34.035940000000004
NSW1,Hydro,2021-09-22 14:45:00,34.5707
NSW1,Hydro,2021-09-22 14:50:00,34.51085
NSW1,Hydro,2021-09-22 14:55:00,34.72265
NSW1,Hydro,2021-09-22 15:00:00,34.839200000000005
NSW1,Hydro Storage,2021-09-22 12:00:00,-121.34178
NSW1,Hydro Storage,2021-09-22 12:05:00,-121.64151
NSW1,Hydro Storage,2021-09-22 12:10:00,-121.24334
NSW1,Hydro Storage,2021-09-22 12:15:00,-121.74621
NSW1,Hydro Storage,2021-09-22 12:20:00,-121.84764
NSW1,Hydro Storage,2021-09-22 12:25:00,-121.59307
NSW1,Hydro Storage,2021-09-22 12:30:00,-121.54463
NSW1,Hydro Storage,2021-09-22 12:35:00,-121.59307
NSW1,Hydro Storage,2021-09-22 12:40:00,-121.7962
NSW1,Hydro Storage,2021-09-22 12:45:00,-121.49165
NSW1,Hydro Storage,2021-09-22 12:50:00,-121.84764
NSW1,Hydro Storage,2021-09-22 12:55:00,-121.14191
NSW1,Hydro Storage,2021-09-22 13:00:00,-121.59307
NSW1,Hydro Storage,2021-09-22 13:05:00,-121.1949
NSW1,Hydro Storage,2021-09-22 13:10:00,-121.54463
NSW1,Hydro Storage,2021-09-22 13:15:00,-121.59307
NSW1,Hydro Storage,2021-09-22 13:20:00,-121.54463
NSW1,Hydro Storage,2021-09-22 13:25:00,-121.54463
NSW1,Hydro Storage,2021-09-22 13:30:00,-121.1949
NSW1,Hydro Storage,2021-09-22 13:35:00,-121.29333
NSW1,Hydro Storage,2021-09-22 13:40:00,-121.4962
NSW1,Hydro Storage,2021-09-22 13:45:00,-121.34477
NSW1,Hydro Storage,2021-09-22 13:50:00,-121.75076
NSW1,Hydro Storage,2021-09-22 13:55:00,-121.24334
NSW1,Hydro Storage,2021-09-22 14:00:00,-121.64934
NSW1,Hydro Storage,2021-09-22 14:05:00,-121.34477
NSW1,Hydro Storage,2021-09-22 14:10:00,-121.75076
NSW1,Hydro Storage,2021-09-22 14:15:00,-121.64934
NSW1,Hydro Storage,2021-09-22 14:20:00,-121.64934
NSW1,Hydro Storage,2021-09-22 14:25:00,-121.60089
NSW1,Hydro Storage,2021-09-22 14:30:00,-121.75076
NSW1,Hydro Storage,2021-09-22 14:35:00,-121.4462
NSW1,Hydro Storage,2021-09-22 14:40:00,0
NSW1,Hydro Storage,2021-09-22 14:45:00,0
NSW1,Hydro Storage,2021-09-22 14:50:00,0
NSW1,Hydro Storage,2021-09-22 14:55:00,0
NSW1,Hydro Storage,2021-09-22 15:00:00,0
NSW1,Liquid Fuel,2021-09-22 12:00:00,-0.071102
NSW1,Liquid Fuel,2021-09-22 12:05:00,-0.071102
NSW1,Liquid Fuel,2021-09-22 12:10:00,-0.071102
NSW1,Liquid Fuel,2021-09-22 12:15:00,-0.071102
NSW1,Liquid Fuel,2021-09-22 12:20:00,-0.071102
NSW1,Liquid Fuel,2021-09-22 12:25:00,-0.071102
NSW1,Liquid Fuel,2021-09-22 12:30:00,-0.071102
NSW1,Liquid Fuel,2021-09-22 12:35:00,-0.071102
NSW1,Liquid Fuel,2021-09-22 12:40:00,-0.070873
NSW1,Liquid Fuel,2021-09-22 12:45:00,-0.070873
NSW1,Liquid Fuel,2021-09-22 12:50:00,-0.070873
NSW1,Liquid Fuel,2021-09-22 12:55:00,-0.070873
NSW1,Liquid Fuel,2021-09-22 13:00:00,-0.070873
NSW1,Liquid Fuel,2021-09-22 13:05:00,-0.070873
NSW1,Liquid Fuel,2021-09-22 13:10:00,-0.070873
NSW1,Liquid Fuel,2021-09-22 13:15:00,-0.070873
NSW1,Liquid Fuel,2021-09-22 13:20:00,-0.070873
NSW1,Liquid Fuel,2021-09-22 13:25:00,-0.072372
NSW1,Liquid Fuel,2021-09-22 13:30:00,-0.072372
NSW1,Liquid Fuel,2021-09-22 13:35:00,-0.072372
NSW1,Liquid Fuel,2021-09-22 13:40:00,-0.072372
NSW1,Liquid Fuel,2021-09-22 13:45:00,-0.072372
NSW1,Liquid Fuel,2021-09-22 13:50:00,-0.072372
NSW1,Liquid Fuel,2021-09-22 13:55:00,-0.072372
NSW1,Liquid Fuel,2021-09-22 14:00:00,-0.072372
NSW1,Liquid Fuel,2021-09-22 14:05:00,-0.072372
NSW1,Liquid Fuel,2021-09-22 14:10:00,-0.070137
NSW1,Liquid Fuel,2021-09-22 14:15:00,-0.070137
NSW1,Liquid Fuel,2021-09-22 14:20:00,-0.070137
NSW1,Liquid Fuel,2021-09-22 14:25:00,-0.070137
NSW1,Liquid Fuel,2021-09-22 14:30:00,-0.070137
NSW1,Liquid Fuel,2021-09-22 14:35:00,-0.070137
NSW1,Liquid Fuel,2021-09-22 14:40:00,-0.070137
NSW1,Liquid Fuel,2021-09-22 14:45:00,-0.070137
NSW1,Liquid Fuel,2021-09-22 14:50:00,-0.070137
NSW1,Liquid Fuel,2021-09-22 14:55:00,-0.074005
NSW1,Liquid Fuel,2021-09-22 15:00:00,-0.074005
NSW1,Solar,2021-09-22 12:00:00,1213.5143820000003
NSW1,Solar,2021-09-22 12:05:00,1195.5578309999999
NSW1,Solar,2021-09-22 12:10:00,1192.90633
NSW1,Solar,2021-09-22 12:15:00,1195.296452
NSW1,Solar,2021-09-22 12:20:00,1173.073938
NSW1,Solar,2021-09-22 12:25:00,1185.8706499999998
NSW1,Solar,2021-09-22 12:30:00,1194.224115
NSW1,Solar,2021-09-22 12:35:00,1190.0499360000001
NSW1,Solar,2021-09-22 12:40:00,1226.215879
NSW1,Solar,2021-09-22 12:45:00,1212.722685
NSW1,Solar,2021-09-22 12:50:00,1235.0576279999998
NSW1,Solar,2021-09-22 12:55:00,1196.744663
NSW1,Solar,2021-09-22 13:00:00,1183.7720000000002
NSW1,Solar,2021-09-22 13:05:00,1180.067469
NSW1,Solar,2021-09-22 13:10:00,1190.5658089999997
NSW1,Solar,2021-09-22 13:15:00,1157.827443
NSW1,Solar,2021-09-22 13:20:00,1153.260265
NSW1,Solar,2021-09-22 13:25:00,1154.741592
NSW1,Solar,2021-09-22 13:30:00,1126.6613389999998
NSW1,Solar,2021-09-22 13:35:00,1154.252195
NSW1,Solar,2021-09-22 13:40:00,1177.6878600000002
NSW1,Solar,2021-09-22 13:45:00,1117.17651
NSW1,Solar,2021-09-22 13:50:00,1160.30955
NSW1,Solar,2021-09-22 13:55:00,1101.467929
NSW1,Solar,2021-09-22 14:00:00,1146.023809
NSW1,Solar,2021-09-22 14:05:00,1136.2017590000003
NSW1,Solar,2021-09-22 14:10:00,1141.9926299999997
NSW1,Solar,2021-09-22 14:15:00,1141.07738
NSW1,Solar,2021-09-22 14:20:00,1102.240947
NSW1,Solar,2021-09-22 14:25:00,1157.59276
NSW1,Solar,2021-09-22 14:30:00,1129.574409
NSW1,Solar,2021-09-22 14:35:00,1087.4976780000002
NSW1,Solar,2021-09-22 14:40:00,1158.031578
NSW1,Solar,2021-09-22 14:45:00,1101.8025619999999
NSW1,Solar,2021-09-22 14:50:00,1140.8048830000002
NSW1,Solar,2021-09-22 14:55:00,1151.7599980000002
NSW1,Solar,2021-09-22 15:00:00,1156.912024
NSW1,Wind,2021-09-22 12:00:00,88.23246
NSW1,Wind,2021-09-22 12:05:00,97.25675000000001
NSW1,Wind,2021-09-22 12:10:00,95.9616
NSW1,Wind,2021-09-22 12:15:00,102.78864000000002
NSW1,Wind,2021-09-22 12:20:00,102.72845
NSW1,Wind,2021-09-22 12:25:00,105.47352
NSW1,Wind,2021-09-22 12:30:00,115.22655
NSW1,Wind,2021-09-22 12:35:00,114.85108000000001
NSW1,Wind,2021-09-22 12:40:00,119.70059999999997
NSW1,Wind,2021-09-22 12:45:00,130.71366999999998
NSW1,Wind,2021-09-22 12:50:00,135.96777000000003
NSW1,Wind,2021-09-22 12:55:00,139.15737000000004
NSW1,Wind,2021-09-22 13:00:00,147.01366
NSW1,Wind,2021-09-22 13:05:00,150.73508800000002
NSW1,Wind,2021-09-22 13:10:00,143.60591
NSW1,Wind,2021-09-22 13:15:00,158.86536
NSW1,Wind,2021-09-22 13:20:00,166.31578000000002
NSW1,Wind,2021-09-22 13:25:00,188.227307
NSW1,Wind,2021-09-22 13:30:00,195.72258999999997
NSW1,Wind,2021-09-22 13:35:00,194.856629
NSW1,Wind,2021-09-22 13:40:00,191.675091
NSW1,Wind,2021-09-22 13:45:00,195.29064999999997
NSW1,Wind,2021-09-22 13:50:00,194.20705999999998
NSW1,Wind,2021-09-22 13:55:00,209.45609000000002
NSW1,Wind,2021-09-22 14:00:00,209.22529
NSW1,Wind,2021-09-22 14:05:00,218.65978999999996
NSW1,Wind,2021-09-22 14:10:00,225.21325700000003
NSW1,Wind,2021-09-22 14:15:00,198.23184100000003
NSW1,Wind,2021-09-22 14:20:00,202.99760899999995
NSW1,Wind,2021-09-22 14:25:00,214.58016999999998
NSW1,Wind,2021-09-22 14:30:00,202.223162
NSW1,Wind,2021-09-22 14:35:00,229.22790999999998
NSW1,Wind,2021-09-22 14:40:00,217.87135899999996
NSW1,Wind,2021-09-22 14:45:00,228.61684
NSW1,Wind,2021-09-22 14:50:00,240.350064
NSW1,Wind,2021-09-22 14:55:00,233.43364
NSW1,Wind,2021-09-22 15:00:00,247.88614
NSW1,Rooftop PV,2021-09-22 12:00:00,2657.49
NSW1,Rooftop PV,2021-09-22 12:05:00,2653.23
NSW1,Rooftop PV,2021-09-22 12:10:00,2648.97
NSW1,Rooftop PV,2021-09-22 12:15:00,2644.71
NSW1,Rooftop PV,2021-09-22 12:20:00,2640.45
NSW1,Rooftop PV,2021-09-22 12:25:00,2636.19
NSW1,Rooftop PV,2021-09-22 12:30:00,2631.93
NSW1,Rooftop PV,2021-09-22 12:35:00,2615.89
NSW1,Rooftop PV,2021-09-22 12:40:00,2599.85
NSW1,Rooftop PV,2021-09-22 12:45:00,2583.81
NSW1,Rooftop PV,2021-09-22 12:50:00,2567.77
NSW1,Rooftop PV,2021-09-22 12:55:00,2551.73
NSW1,Rooftop PV,2021-09-22 13:00:00,2535.69
NSW1,Rooftop PV,2021-09-22 13:05:00,2514.28333333
NSW1,Rooftop PV,2021-09-22 13:10:00,2492.87666667
NSW1,Rooftop PV,2021-09-22 13:15:00,2471.47
NSW1,Rooftop PV,2021-09-22 13:20:00,2450.06333333
NSW1,Rooftop PV,2021-09-22 13:25:00,2428.65666667
NSW1,Rooftop PV,2021-09-22 13:30:00,2407.25
NSW1,Rooftop PV,2021-09-22 13:35:00,2385.38666667
NSW1,Rooftop PV,2021-09-22 13:40:00,2363.52333333
NSW1,Rooftop PV,2021-09-22 13:45:00,2341.66
NSW1,Rooftop PV,2021-09-22 13:50:00,2319.79666667
NSW1,Rooftop PV,2021-09-22 13:55:00,2297.93333333
NSW1,Rooftop PV,2021-09-22 14:00:00,2276.07
NSW1,Rooftop PV,2021-09-22 14:05:00,2242.5
NSW1,Rooftop PV,2021-09-22 14:10:00,2208.93
NSW1,Rooftop PV,2021-09-22 14:15:00,2175.36
NSW1,Rooftop PV,2021-09-22 14:20:00,2141.79
NSW1,Rooftop PV,2021-09-22 14:25:00,2108.22
NSW1,Rooftop PV,2021-09-22 14:30:00,2074.65
NSW1,Rooftop PV,2021-09-22 14:35:00,2036.75333333
NSW1,Rooftop PV,2021-09-22 14:40:00,1998.85666667
NSW1,Rooftop PV,2021-09-22 14:45:00,1960.96
NSW1,Rooftop PV,2021-09-22 14:50:00,1923.06333333
NSW1,Rooftop PV,2021-09-22 14:55:00,1885.16666667
NSW1,Rooftop PV,2021-09-22 15:00:00,1847.27
VIC1,Battery Storage,2021-09-22 12:00:00,-7.99758
VIC1,Battery Storage,2021-09-22 12:05:00,-9.09103
VIC1,Battery Storage,2021-09-22 12:10:00,-7.99975
VIC1,Battery Storage,2021-09-22 12:15:00,-9.9473
VIC1,Battery Storage,2021-09-22 12:20:00,-9.93669
VIC1,Battery Storage,2021-09-22 12:25:00,-9.92464
VIC1,Battery Storage,2021-09-22 12:30:00,-10.36464
VIC1,Battery Storage,2021-09-22 12:35:00,-9.49942
VIC1,Battery Storage,2021-09-22 12:40:00,-9.97569
VIC1,Battery Storage,2021-09-22 12:45:00,-9.92825
VIC1,Battery Storage,2021-09-22 12:50:00,-10.94442
VIC1,Battery Storage,2021-09-22 12:55:00,-9.93332
VIC1,Battery Storage,2021-09-22 13:00:00,-9.93922
VIC1,Battery Storage,2021-09-22 13:05:00,-9.9315
VIC1,Battery Storage,2021-09-22 13:10:00,-9.47841
VIC1,Battery Storage,2021-09-22 13:15:00,-9.93518
VIC1,Battery Storage,2021-09-22 13:20:00,-9.93437
VIC1,Battery Storage,2021-09-22 13:25:00,-9.94263
VIC1,Battery Storage,2021-09-22 13:30:00,-9.67956
VIC1,Battery Storage,2021-09-22 13:35:00,-9.95328
VIC1,Battery Storage,2021-09-22 13:40:00,-9.93943
VIC1,Battery Storage,2021-09-22 13:45:00,-9.91446
VIC1,Battery Storage,2021-09-22 13:50:00,-9.92525
VIC1,Battery Storage,2021-09-22 13:55:00,-7.74407
VIC1,Battery Storage,2021-09-22 14:00:00,-9.32591
VIC1,Battery Storage,2021-09-22 14:05:00,-8.44998
VIC1,Battery Storage,2021-09-22 14:10:00,-10.64282
VIC1,Battery Storage,2021-09-22 14:15:00,-10.06597
VIC1,Battery Storage,2021-09-22 14:20:00,-7.5946
VIC1,Battery Storage,2021-09-22 14:25:00,-9.9375
VIC1,Battery Storage,2021-09-22 14:30:00,-11.079360000000001
VIC1,Battery Storage,2021-09-22 14:35:00,-8.86806
VIC1,Battery Storage,2021-09-22 14:40:00,-10.392370000000001
VIC1,Battery Storage,2021-09-22 14:45:00,-9.89965
VIC1,Battery Storage,2021-09-22 14:50:00,-8.89608
VIC1,Battery Storage,2021-09-22 14:55:00,-9.41642
VIC1,Battery Storage,2021-09-22 15:00:00,-9.93083
VIC1,Gas,2021-09-22 12:00:00,0
VIC1,Gas,2021-09-22 12:05:00,0
VIC1,Gas,2021-09-22 12:10:00,0
VIC1,Gas,2021-09-22 12:15:00,0
VIC1,Gas,2021-09-22 12:20:00,0
VIC1,Gas,2021-09-22 12:25:00,0
VIC1,Gas,2021-09-22 12:30:00,0
VIC1,Gas,2021-09-22 12:35:00,0
VIC1,Gas,2021-09-22 12:40:00,0
VIC1,Gas,2021-09-22 12:45:00,0
VIC1,Gas,2021-09-22 12:50:00,0
VIC1,Gas,2021-09-22 12:55:00,0
VIC1,Gas,2021-09-22 13:00:00,0
VIC1,Gas,2021-09-22 13:05:00,0
VIC1,Gas,2021-09-22 13:10:00,0
VIC1,Gas,2021-09-22 13:15:00,0
VIC1,Gas,2021-09-22 13:20:00,0
VIC1,Gas,2021-09-22 13:25:00,0
VIC1,Gas,2021-09-22 13:30:00,0
VIC1,Gas,2021-09-22 13:35:00,0
VIC1,Gas,2021-09-22 13:40:00,0
VIC1,Gas,2021-09-22 13:45:00,0
VIC1,Gas,2021-09-22 13:50:00,0
VIC1,Gas,2021-09-22 13:55:00,0
VIC1,Gas,2021-09-22 14:00:00,0
VIC1,Gas,2021-09-22 14:05:00,0
VIC1,Gas,2021-09-22 14:10:00,0
VIC1,Gas,2021-09-22 14:15:00,0
VIC1,Gas,2021-09-22 14:20:00,0
VIC1,Gas,2021-09-22 14:25:00,0
VIC1,Gas,2021-09-22 14:30:00,0
VIC1,Gas,2021-09-22 14:35:00,0
VIC1,Gas,2021-09-22 14:40:00,0
VIC1,Gas,2021-09-22 14:45:00,0
VIC1,Gas,2021-09-22 14:50:00,0
VIC1,Gas,2021-09-22 14:55:00,0
VIC1,Gas,2021-09-22 15:00:00,0
VIC1,Hydro,2021-09-22 12:00:00,123.91999999999999
VIC1,Hydro,2021-09-22 12:05:00,122.41999999999999
VIC1,Hydro,2021-09-22 12:10:00,125.11999999999999
VIC1,Hydro,2021-09-22 12:15:00,120.41
VIC1,Hydro,2021-09-22 12:20:00,122.32
VIC1,Hydro,2021-09-22 12:25:00,120.51
VIC1,Hydro,2021-09-22 12:30:00,120.91999999999999
VIC1,Hydro,2021-09-22 12:35:00,124.41999999999999
VIC1,Hydro,2021-09-22 12:40:00,121.51
VIC1,Hydro,2021-09-22 12:45:00,123.11
VIC1,Hydro,2021-09-22 12:50:00,120.02
VIC1,Hydro,2021-09-22 12:55:00,123.61999999999999
VIC1,Hydro,2021-09-22 13:00:00,123.82
VIC1,Hydro,2021-09-22 13:05:00,122.61
VIC1,Hydro,2021-09-22 13:10:00,123.41999999999999
VIC1,Hydro,2021-09-22 13:15:00,103.51
VIC1,Hydro,2021-09-22 13:20:00,123.32
VIC1,Hydro,2021-09-22 13:25:00,5.81
VIC1,Hydro,2021-09-22 13:30:00,0.11
VIC1,Hydro,2021-09-22 13:35:00,0.11
VIC1,Hydro,2021-09-22 13:40:00,0.12000000000000001
VIC1,Hydro,2021-09-22 13:45:00,0.11
VIC1,Hydro,2021-09-22 13:50:00,0.11
VIC1,Hydro,2021-09-22 13:55:00,0.11
VIC1,Hydro,2021-09-22 14:00:00,0.12000000000000001
VIC1,Hydro,2021-09-22 14:05:00,0.11
VIC1,Hydro,2021-09-22 14:10:00,2.89
VIC1,Hydro,2021-09-22 14:15:00,12.33
VIC1,Hydro,2021-09-22 14:20:00,12.129999999999999
VIC1,Hydro,2021-09-22 14:25:00,12.01
VIC1,Hydro,2021-09-22 14:30:00,17.75
VIC1,Hydro,2021-09-22 14:35:00,12.04
VIC1,Hydro,2021-09-22 14:40:00,38.22
VIC1,Hydro,2021-09-22 14:45:00,39.2
VIC1,Hydro,2021-09-22 14:50:00,39.26
VIC1,Hydro,2021-09-22 14:55:00,39.190001
VIC1,Hydro,2021-09-22 15:00:00,39.089999999999996
VIC1,Solar,2021-09-22 12:00:00,252.63
VIC1,Solar,2021-09-22 12:05:00,255.35
VIC1,Solar,2021-09-22 12:10:00,253.68
VIC1,Solar,2021-09-22 12:15:00,276.14
VIC1,Solar,2021-09-22 12:20:00,308.94000000000005
VIC1,Solar,2021-09-22 12:25:00,312.88
VIC1,Solar,2021-09-22 12:30:00,281.99
VIC1,Solar,2021-09-22 12:35:00,275.88
VIC1,Solar,2021-09-22 12:40:00,265.53999999999996
VIC1,Solar,2021-09-22 12:45:00,260.76
VIC1,Solar,2021-09-22 12:50:00,263.28999999999996
VIC1,Solar,2021-09-22 12:55:00,255.61
VIC1,Solar,2021-09-22 13:00:00,266.92
VIC1,Solar,2021-09-22 13:05:00,274.95000000000005
VIC1,Solar,2021-09-22 13:10:00,284.2
VIC1,Solar,2021-09-22 13:15:00,276.89
VIC1,Solar,2021-09-22 13:20:00,262.73
VIC1,Solar,2021-09-22 13:25:00,281.78
VIC1,Solar,2021-09-22 13:30:00,281.35
VIC1,Solar,2021-09-22 13:35:00,272.4
VIC1,Solar,2021-09-22 13:40:00,266.26
VIC1,Solar,2021-09-22 13:45:00,236.75
VIC1,Solar,2021-09-22 13:50:00,245.82
VIC1,Solar,2021-09-22 13:55:00,248.88
VIC1,Solar,2021-09-22 14:00:00,249.35000000000002
VIC1,Solar,2021-09-22 14:05:00,246.3
VIC1,Solar,2021-09-22 14:10:00,262.8
VIC1,Solar,2021-09-22 14:15:00,250.06
VIC1,Solar,2021-09-22 14:20:00,235.91
VIC1,Solar,2021-09-22 14:25:00,244.72000000000003
VIC1,Solar,2021-09-22 14:30:00,255.14999999999998
VIC1,Solar,2021-09-22 14:35:00,249.26
VIC1,Solar,2021-09-22 14:40:00,252.15
VIC1,Solar,2021-09-22 14:45:00,259.19
VIC1,Solar,2021-09-22 14:50:00,260.11
VIC1,Solar,2021-09-22 14:55:00,250.68
VIC1,Solar,2021-09-22 15:00:00,248.08
VIC1,Wind,2021-09-22 12:00:00,563.9666219999999
VIC1,Wind,2021-09-22 12:05:00,548.6941719999999
VIC1,Wind,2021-09-22 12:10:00,558.537917
VIC1,Wind,2021-09-22 12:15:00,551.4523280000001
VIC1,Wind,2021-09-22 12:20:00,557.2603079999999
VIC1,Wind,2021-09-22 12:25:00,574.363858
VIC1,Wind,2021-09-22 12:30:00,584.2670670000001
VIC1,Wind,2021-09-22 12:35:00,576.411403
VIC1,Wind,2021-09-22 12:40:00,585.1179779999999
VIC1,Wind,2021-09-22 12:45:00,578.6040080000001
VIC1,Wind,2021-09-22 12:50:00,591.1274299999999
VIC1,Wind,2021-09-22 12:55:00,596.956838
VIC1,Wind,2021-09-22 13:00:00,590.96137
VIC1,Wind,2021-09-22 13:05:00,582.7004890000001
VIC1,Wind,2021-09-22 13:10:00,586.9182299999999
VIC1,Wind,2021-09-22 13:15:00,596.66957
VIC1,Wind,2021-09-22 13:20:00,618.9983980000001
VIC1,Wind,2021-09-22 13:25:00,606.305492
VIC1,Wind,2021-09-22 13:30:00,607.6129769999999
VIC1,Wind,2021-09-22 13:35:00,608.0109180000001
VIC1,Wind,2021-09-22 13:40:00,626.978717
VIC1,Wind,2021-09-22 13:45:00,646.3376079999999
VIC1,Wind,2021-09-22 13:50:00,620.3413919999998
VIC1,Wind,2021-09-22 13:55:00,648.9207630000001
VIC1,Wind,2021-09-22 14:00:00,642.206667
VIC1,Wind,2021-09-22 14:05:00,668.1054090000001
VIC1,Wind,2021-09-22 14:10:00,660.7357270000001
VIC1,Wind,2021-09-22 14:15:00,667.3459970000002
VIC1,Wind,2021-09-22 14:20:00,661.8481830000001
VIC1,Wind,2021-09-22 14:25:00,659.8216730000001
VIC1,Wind,2021-09-22 14:30:00,668.153072
VIC1,Wind,2021-09-22 14:35:00,687.6259680000001
VIC1,Wind,2021-09-22 14:40:00,687.589003
VIC1,Wind,2021-09-22 14:45:00,692.8641329999999
VIC1,Wind,2021-09-22 14:50:00,691.5640299999998
VIC1,Wind,2021-09-22 14:55:00,698.829248
VIC1,Wind,2021-09-22 15:00:00,683.535332
VIC1,Brown Coal,2021-09-22 12:00:00,3623.1658
VIC1,Brown Coal,2021-09-22 12:05:00,3631.3898900000004
VIC1,Brown Coal,2021-09-22 12:10:00,3624.4847699999996
VIC1,Brown Coal,2021-09-22 12:15:00,3579.22662
VIC1,Brown Coal,2021-09-22 12:20:00,3563.7733900000003
VIC1,Brown Coal,2021-09-22 12:25:00,3588.8341900000005
VIC1,Brown Coal,2021-09-22 12:30:00,3560.37216
VIC1,Brown Coal,2021-09-22 12:35:00,3585.90385
VIC1,Brown Coal,2021-09-22 12:40:00,3576.0113699999997
VIC1,Brown Coal,2021-09-22 12:45:00,3588.4962100000002
VIC1,Brown Coal,2021-09-22 12:50:00,3573.87218
VIC1,Brown Coal,2021-09-22 12:55:00,3559.24432
VIC1,Brown Coal,2021-09-22 13:00:00,3520.5937000000004
VIC1,Brown Coal,2021-09-22 13:05:00,3487.38485
VIC1,Brown Coal,2021-09-22 13:10:00,3471.18606
VIC1,Brown Coal,2021-09-22 13:15:00,3440.27976
VIC1,Brown Coal,2021-09-22 13:20:00,3439.86081
VIC1,Brown Coal,2021-09-22 13:25:00,3476.1670700000004
VIC1,Brown Coal,2021-09-22 13:30:00,3510.55947
VIC1,Brown Coal,2021-09-22 13:35:00,3462.02405
VIC1,Brown Coal,2021-09-22 13:40:00,3436.6391900000003
VIC1,Brown Coal,2021-09-22 13:45:00,3457.3013000000005
VIC1,Brown Coal,2021-09-22 13:50:00,3480.00757
VIC1,Brown Coal,2021-09-22 13:55:00,3479.5012600000005
VIC1,Brown Coal,2021-09-22 14:00:00,3533.3265299999994
VIC1,Brown Coal,2021-09-22 14:05:00,3575.93293
VIC1,Brown Coal,2021-09-22 14:10:00,3557.6898200000005
VIC1,Brown Coal,2021-09-22 14:15:00,3542.8733499999994
VIC1,Brown Coal,2021-09-22 14:20:00,3510.36582
VIC1,Brown Coal,2021-09-22 14:25:00,3547.03167
VIC1,Brown Coal,2021-09-22 14:30:00,3547.72526
VIC1,Brown Coal,2021-09-22 14:35:00,3551.6480699999997
VIC1,Brown Coal,2021-09-22 14:40:00,3525.64434
VIC1,Brown Coal,2021-09-22 14:45:00,3543.5430699999997
VIC1,Brown Coal,2021-09-22 14:50:00,3589.46835
VIC1,Brown Coal,2021-09-22 14:55:00,3625.2923800000003
VIC1,Brown Coal,2021-09-22 15:00:00,3684.95444
VIC1,Rooftop PV,2021-09-22 12:00:00,1021.23
VIC1,Rooftop PV,2021-09-22 12:05:00,1033.295
VIC1,Rooftop PV,2021-09-22 12:10:00,1045.36
VIC1,Rooftop PV,2021-09-22 12:15:00,1057.425
VIC1,Rooftop PV,2021-09-22 12:20:00,1069.49
VIC1,Rooftop PV,2021-09-22 12:25:00,1081.555
VIC1,Rooftop PV,2021-09-22 12:30:00,1093.62
VIC1,Rooftop PV,2021-09-22 12:35:00,1107.94333333
VIC1,Rooftop PV,2021-09-22 12:40:00,1122.26666667
VIC1,Rooftop PV,2021-09-22 12:45:00,1136.59
VIC1,Rooftop PV,2021-09-22 12:50:00,1150.91333333
VIC1,Rooftop PV,2021-09-22 12:55:00,1165.23666667
VIC1,Rooftop PV,2021-09-22 13:00:00,1179.56
VIC1,Rooftop PV,2021-09-22 13:05:00,1186.85166667
VIC1,Rooftop PV,2021-09-22 13:10:00,1194.14333333
VIC1,Rooftop PV,2021-09-22 13:15:00,1201.435
VIC1,Rooftop PV,2021-09-22 13:20:00,1208.72666667
VIC1,Rooftop PV,2021-09-22 13:25:00,1216.01833333
VIC1,Rooftop PV,2021-09-22 13:30:00,1223.31
VIC1,Rooftop PV,2021-09-22 13:35:00,1232.02833333
VIC1,Rooftop PV,2021-09-22 13:40:00,1240.74666667
VIC1,Rooftop PV,2021-09-22 13:45:00,1249.465
VIC1,Rooftop PV,2021-09-22 13:50:00,1258.18333333
VIC1,Rooftop PV,2021-09-22 13:55:00,1266.90166667
VIC1,Rooftop PV,2021-09-22 14:00:00,1275.62
VIC1,Rooftop PV,2021-09-22 14:05:00,1276.235
VIC1,Rooftop PV,2021-09-22 14:10:00,1276.85
VIC1,Rooftop PV,2021-09-22 14:15:00,1277.465
VIC1,Rooftop PV,2021-09-22 14:20:00,1278.08
VIC1,Rooftop PV,2021-09-22 14:25:00,1278.695
VIC1,Rooftop PV,2021-09-22 14:30:00,1279.31
VIC1,Rooftop PV,2021-09-22 14:35:00,1265.42333333
VIC1,Rooftop PV,2021-09-22 14:40:00,1251.53666667
VIC1,Rooftop PV,2021-09-22 14:45:00,1237.65
VIC1,Rooftop PV,2021-09-22 14:50:00,1223.76333333
VIC1,Rooftop PV,2021-09-22 14:55:00,1209.87666667
VIC1,Rooftop PV,2021-09-22 15:00:00,1195.99
SA1,Battery Storage,2021-09-22 12:00:00,-41.586600000000004
SA1,Battery Storage,2021-09-22 12:05:00,-43.2211
SA1,Battery Storage,2021-09-22 12:10:00,-60.69786
SA1,Battery Storage,2021-09-22 12:15:00,-57.20353
SA1,Battery Storage,2021-09-22 12:20:00,-66.46311
SA1,Battery Storage,2021-09-22 12:25:00,-92.31316
SA1,Battery Storage,2021-09-22 12:30:00,-76.84403
SA1,Battery Storage,2021-09-22 12:35:00,-65.938
SA1,Battery Storage,2021-09-22 12:40:00,-81.08339
SA1,Battery Storage,2021-09-22 12:45:00,-97.85703
SA1,Battery Storage,2021-09-22 12:50:00,-74.05498
SA1,Battery Storage,2021-09-22 12:55:00,-84.51026
SA1,Battery Storage,2021-09-22 13:00:00,-66.8764
SA1,Battery Storage,2021-09-22 13:05:00,-82.81502
SA1,Battery Storage,2021-09-22 13:10:00,-97.87229
SA1,Battery Storage,2021-09-22 13:15:00,-30.61147
SA1,Battery Storage,2021-09-22 13:20:00,-60.96346
SA1,Battery Storage,2021-09-22 13:25:00,-89.32328
SA1,Battery Storage,2021-09-22 13:30:00,-55.97229
SA1,Battery Storage,2021-09-22 13:35:00,-56.069050000000004
SA1,Battery Storage,2021-09-22 13:40:00,-39.71551000000001
SA1,Battery Storage,2021-09-22 13:45:00,-33.633990000000004
SA1,Battery Storage,2021-09-22 13:50:00,-33.5357
SA1,Battery Storage,2021-09-22 13:55:00,-20.46041
SA1,Battery Storage,2021-09-22 14:00:00,-26.27356
SA1,Battery Storage,2021-09-22 14:05:00,-25.94915
SA1,Battery Storage,2021-09-22 14:10:00,-19.10946
SA1,Battery Storage,2021-09-22 14:15:00,-39.52066
SA1,Battery Storage,2021-09-22 14:20:00,-21.631890000000002
SA1,Battery Storage,2021-09-22 14:25:00,-30.21258
SA1,Battery Storage,2021-09-22 14:30:00,-44.88423
SA1,Battery Storage,2021-09-22 14:35:00,4.89311
SA1,Battery Storage,2021-09-22 14:40:00,-11.70949
SA1,Battery Storage,2021-09-22 14:45:00,-19.904220000000002
SA1,Battery Storage,2021-09-22 14:50:00,-6.2482
SA1,Battery Storage,2021-09-22 14:55:00,2.69082
SA1,Battery Storage,2021-09-22 15:00:00,1.3212799999999998
SA1,Gas,2021-09-22 12:00:00,409.13994
SA1,Gas,2021-09-22 12:05:00,407.44884
SA1,Gas,2021-09-22 12:10:00,407.42771999999997
SA1,Gas,2021-09-22 12:15:00,396.46668999999997
SA1,Gas,2021-09-22 12:20:00,401.31221
SA1,Gas,2021-09-22 12:25:00,397.4411
SA1,Gas,2021-09-22 12:30:00,395.75778
SA1,Gas,2021-09-22 12:35:00,400.85220999999996
SA1,Gas,2021-09-22 12:40:00,407.53657
SA1,Gas,2021-09-22 12:45:00,405.34553
SA1,Gas,2021-09-22 12:50:00,396.04556
SA1,Gas,2021-09-22 12:55:00,401.25330999999994
SA1,Gas,2021-09-22 13:00:00,404.01552999999996
SA1,Gas,2021-09-22 13:05:00,406.83660999999995
SA1,Gas,2021-09-22 13:10:00,404.18552999999997
SA1,Gas,2021-09-22 13:15:00,401.29332
SA1,Gas,2021-09-22 13:20:00,404.43552999999997
SA1,Gas,2021-09-22 13:25:00,402.44330999999994
SA1,Gas,2021-09-22 13:30:00,411.10324
SA1,Gas,2021-09-22 13:35:00,400.29109
SA1,Gas,2021-09-22 13:40:00,399.66220000000004
SA1,Gas,2021-09-22 13:45:00,407.37774
SA1,Gas,2021-09-22 13:50:00,400.6922
SA1,Gas,2021-09-22 13:55:00,406.51662999999996
SA1,Gas,2021-09-22 14:00:00,403.45551
SA1,Gas,2021-09-22 14:05:00,405.14551
SA1,Gas,2021-09-22 14:10:00,401.00999
SA1,Gas,2021-09-22 14:15:00,395.17668000000003
SA1,Gas,2021-09-22 14:20:00,402.2344099999999
SA1,Gas,2021-09-22 14:25:00,398.42109999999997
SA1,Gas,2021-09-22 14:30:00,398.18779
SA1,Gas,2021-09-22 14:35:00,404.81552000000005
SA1,Gas,2021-09-22 14:40:00,398.14999
SA1,Gas,2021-09-22 14:45:00,400.0911
SA1,Gas,2021-09-22 14:50:00,404.1644
SA1,Gas,2021-09-22 14:55:00,405.75441
SA1,Gas,2021-09-22 15:00:00,402.59332
SA1,Liquid Fuel,2021-09-22 12:00:00,6.9
SA1,Liquid Fuel,2021-09-22 12:05:00,6.9
SA1,Liquid Fuel,2021-09-22 12:10:00,6.9
SA1,Liquid Fuel,2021-09-22 12:15:00,6.9
SA1,Liquid Fuel,2021-09-22 12:20:00,-0.1
SA1,Liquid Fuel,2021-09-22 12:25:00,-0.1
SA1,Liquid Fuel,2021-09-22 12:30:00,-0.1
SA1,Liquid Fuel,2021-09-22 12:35:00,-0.1
SA1,Liquid Fuel,2021-09-22 12:40:00,-0.1
SA1,Liquid Fuel,2021-09-22 12:45:00,-0.2
SA1,Liquid Fuel,2021-09-22 12:50:00,-0.1
SA1,Liquid Fuel,2021-09-22 12:55:00,-0.1
SA1,Liquid Fuel,2021-09-22 13:00:00,-0.1
SA1,Liquid Fuel,2021-09-22 13:05:00,-0.2
SA1,Liquid Fuel,2021-09-22 13:10:00,-0.2
SA1,Liquid Fuel,2021-09-22 13:15:00,-0.2
SA1,Liquid Fuel,2021-09-22 13:20:00,-0.2
SA1,Liquid Fuel,2021-09-22 13:25:00,-0.2
SA1,Liquid Fuel,2021-09-22 13:30:00,-0.2
SA1,Liquid Fuel,2021-09-22 13:35:00,-0.2
SA1,Liquid Fuel,2021-09-22 13:40:00,-0.2
SA1,Liquid Fuel,2021-09-22 13:45:00,-0.1
SA1,Liquid Fuel,2021-09-22 13:50:00,-0.1
SA1,Liquid Fuel,2021-09-22 13:55:00,-0.1
SA1,Liquid Fuel,2021-09-22 14:00:00,-0.1
SA1,Liquid Fuel,2021-09-22 14:05:00,-0.1
SA1,Liquid Fuel,2021-09-22 14:10:00,-0.1
SA1,Liquid Fuel,2021-09-22 14:15:00,-0.1
SA1,Liquid Fuel,2021-09-22 14:20:00,-0.1
SA1,Liquid Fuel,2021-09-22 14:25:00,-0.1
SA1,Liquid Fuel,2021-09-22 14:30:00,-0.1
SA1,Liquid Fuel,2021-09-22 14:35:00,-0.1
SA1,Liquid Fuel,2021-09-22 14:40:00,-0.1
SA1,Liquid Fuel,2021-09-22 14:45:00,-0.1
SA1,Liquid Fuel,2021-09-22 14:50:00,-0.1
SA1,Liquid Fuel,2021-09-22 14:55:00,-0.1
SA1,Liquid Fuel,2021-09-22 15:00:00,-0.1
SA1,Solar,2021-09-22 12:00:00,286.426
SA1,Solar,2021-09-22 12:05:00,288.58
SA1,Solar,2021-09-22 12:10:00,273.57
SA1,Solar,2021-09-22 12:15:00,297.09
SA1,Solar,2021-09-22 12:20:00,292.01
SA1,Solar,2021-09-22 12:25:00,311.51
SA1,Solar,2021-09-22 12:30:00,292.63
SA1,Solar,2021-09-22 12:35:00,292.211
SA1,Solar,2021-09-22 12:40:00,288.70000000000005
SA1,Solar,2021-09-22 12:45:00,316.73
SA1,Solar,2021-09-22 12:50:00,298.09000000000003
SA1,Solar,2021-09-22 12:55:00,287.69
SA1,Solar,2021-09-22 13:00:00,278.77
SA1,Solar,2021-09-22 13:05:00,306.64
SA1,Solar,2021-09-22 13:10:00,285.16999999999996
SA1,Solar,2021-09-22 13:15:00,289.99
SA1,Solar,2021-09-22 13:20:00,309.30999999999995
SA1,Solar,2021-09-22 13:25:00,299.61
SA1,Solar,2021-09-22 13:30:00,298.40999999999997
SA1,Solar,2021-09-22 13:35:00,274.45
SA1,Solar,2021-09-22 13:40:00,293.90999999999997
SA1,Solar,2021-09-22 13:45:00,314.25
SA1,Solar,2021-09-22 13:50:00,285.78999999999996
SA1,Solar,2021-09-22 13:55:00,270.59000000000003
SA1,Solar,2021-09-22 14:00:00,294.58000000000004
SA1,Solar,2021-09-22 14:05:00,304.74
SA1,Solar,2021-09-22 14:10:00,313.24
SA1,Solar,2021-09-22 14:15:00,310.98
SA1,Solar,2021-09-22 14:20:00,302.79
SA1,Solar,2021-09-22 14:25:00,298.77
SA1,Solar,2021-09-22 14:30:00,292.96
SA1,Solar,2021-09-22 14:35:00,293.26
SA1,Solar,2021-09-22 14:40:00,286.2
SA1,Solar,2021-09-22 14:45:00,296.89
SA1,Solar,2021-09-22 14:50:00,288.09
SA1,Solar,2021-09-22 14:55:00,280.051
SA1,Solar,2021-09-22 15:00:00,288.35
SA1,Wind,2021-09-22 12:00:00,99.217005
SA1,Wind,2021-09-22 12:05:00,104.923392
SA1,Wind,2021-09-22 12:10:00,101.873671
SA1,Wind,2021-09-22 12:15:00,92.56748999999999
SA1,Wind,2021-09-22 12:20:00,93.53149099999999
SA1,Wind,2021-09-22 12:25:00,100.85331999999998
SA1,Wind,2021-09-22 12:30:00,111.634508
SA1,Wind,2021-09-22 12:35:00,106.59451899999999
SA1,Wind,2021-09-22 12:40:00,102.531397
SA1,Wind,2021-09-22 12:45:00,104.799763
SA1,Wind,2021-09-22 12:50:00,104.42255099999998
SA1,Wind,2021-09-22 12:55:00,106.56685300000001
SA1,Wind,2021-09-22 13:00:00,108.553373
SA1,Wind,2021-09-22 13:05:00,107.55528399999999
SA1,Wind,2021-09-22 13:10:00,105.16589599999999
SA1,Wind,2021-09-22 13:15:00,114.29700500000001
SA1,Wind,2021-09-22 13:20:00,123.51742399999999
SA1,Wind,2021-09-22 13:25:00,125.004082
SA1,Wind,2021-09-22 13:30:00,117.90577599999997
SA1,Wind,2021-09-22 13:35:00,116.88301699999998
SA1,Wind,2021-09-22 13:40:00,113.22737900000001
SA1,Wind,2021-09-22 13:45:00,114.648756
SA1,Wind,2021-09-22 13:50:00,120.00720600000001
SA1,Wind,2021-09-22 13:55:00,120.871676
SA1,Wind,2021-09-22 14:00:00,122.550115
SA1,Wind,2021-09-22 14:05:00,135.69647899999998
SA1,Wind,2021-09-22 14:10:00,150.54429100000002
SA1,Wind,2021-09-22 14:15:00,161.048819
SA1,Wind,2021-09-22 14:20:00,160.599574
SA1,Wind,2021-09-22 14:25:00,164.97163899999998
SA1,Wind,2021-09-22 14:30:00,176.186883
SA1,Wind,2021-09-22 14:35:00,174.686946
SA1,Wind,2021-09-22 14:40:00,164.10351899999998
SA1,Wind,2021-09-22 14:45:00,161.13439000000002
SA1,Wind,2021-09-22 14:50:00,150.16358700000004
SA1,Wind,2021-09-22 14:55:00,162.063447
SA1,Wind,2021-09-22 15:00:00,175.449937
SA1,Rooftop PV,2021-09-22 12:00:00,674.683
SA1,Rooftop PV,2021-09-22 12:05:00,676.402
SA1,Rooftop PV,2021-09-22 12:10:00,678.121
SA1,Rooftop PV,2021-09-22 12:15:00,679.84
SA1,Rooftop PV,2021-09-22 12:20:00,681.559
SA1,Rooftop PV,2021-09-22 12:25:00,683.278
SA1,Rooftop PV,2021-09-22 12:30:00,684.997
SA1,Rooftop PV,2021-09-22 12:35:00,686.939333333
SA1,Rooftop PV,2021-09-22 12:40:00,688.881666667
SA1,Rooftop PV,2021-09-22 12:45:00,690.824
SA1,Rooftop PV,2021-09-22 12:50:00,692.766333333
SA1,Rooftop PV,2021-09-22 12:55:00,694.708666667
SA1,Rooftop PV,2021-09-22 13:00:00,696.651
SA1,Rooftop PV,2021-09-22 13:05:00,691.477833333
SA1,Rooftop PV,2021-09-22 13:10:00,686.304666667
SA1,Rooftop PV,2021-09-22 13:15:00,681.1315
SA1,Rooftop PV,2021-09-22 13:20:00,675.958333333
SA1,Rooftop PV,2021-09-22 13:25:00,670.785166667
SA1,Rooftop PV,2021-09-22 13:30:00,665.612
SA1,Rooftop PV,2021-09-22 13:35:00,661.6975
SA1,Rooftop PV,2021-09-22 13:40:00,657.783
SA1,Rooftop PV,2021-09-22 13:45:00,653.8685
SA1,Rooftop PV,2021-09-22 13:50:00,649.954
SA1,Rooftop PV,2021-09-22 13:55:00,646.0395
SA1,Rooftop PV,2021-09-22 14:00:00,642.125
SA1,Rooftop PV,2021-09-22 14:05:00,638.034833333
SA1,Rooftop PV,2021-09-22 14:10:00,633.944666667
SA1,Rooftop PV,2021-09-22 14:15:00,629.8545
SA1,Rooftop PV,2021-09-22 14:20:00,625.764333333
SA1,Rooftop PV,2021-09-22 14:25:00,621.674166667
SA1,Rooftop PV,2021-09-22 14:30:00,617.584
SA1,Rooftop PV,2021-09-22 14:35:00,612.09
SA1,Rooftop PV,2021-09-22 14:40:00,606.596
SA1,Rooftop PV,2021-09-22 14:45:00,601.102
SA1,Rooftop PV,2021-09-22 14:50:00,595.608
SA1,Rooftop PV,2021-09-22 14:55:00,590.114
SA1,Rooftop PV,2021-09-22 15:00:00,584.62
TAS1,Gas,2021-09-22 12:00:00,-3.2300000000000004
TAS1,Gas,2021-09-22 12:05:00,-2.25
TAS1,Gas,2021-09-22 12:10:00,-3.29
TAS1,Gas,2021-09-22 12:15:00,-2.1799999999999997
TAS1,Gas,2021-09-22 12:20:00,-2.05
TAS1,Gas,2021-09-22 12:25:00,-2.0300000000000002
TAS1,Gas,2021-09-22 12:30:00,-3.1799999999999997
TAS1,Gas,2021-09-22 12:35:00,-3.2200000000000006
TAS1,Gas,2021-09-22 12:40:00,-3.24
TAS1,Gas,2021-09-22 12:45:00,-3.1100000000000003
TAS1,Gas,2021-09-22 12:50:00,-3.29
TAS1,Gas,2021-09-22 12:55:00,-2.1500000000000004
TAS1,Gas,2021-09-22 13:00:00,-2.1
TAS1,Gas,2021-09-22 13:05:00,-2.1500000000000004
TAS1,Gas,2021-09-22 13:10:00,-3.3000000000000003
TAS1,Gas,2021-09-22 13:15:00,-3.3600000000000003
TAS1,Gas,2021-09-22 13:20:00,6.51538
TAS1,Gas,2021-09-22 13:25:00,20.51763
TAS1,Gas,2021-09-22 13:30:00,27.72101
TAS1,Gas,2021-09-22 13:35:00,27.84776
TAS1,Gas,2021-09-22 13:40:00,53.569300000000005
TAS1,Gas,2021-09-22 13:45:00,54.72331
TAS1,Gas,2021-09-22 13:50:00,54.515170000000005
TAS1,Gas,2021-09-22 13:55:00,55.695170000000005
TAS1,Gas,2021-09-22 14:00:00,54.61471
TAS1,Gas,2021-09-22 14:05:00,55.70563
TAS1,Gas,2021-09-22 14:10:00,55.74471
TAS1,Gas,2021-09-22 14:15:00,54.45656
TAS1,Gas,2021-09-22 14:20:00,54.45517
TAS1,Gas,2021-09-22 14:25:00,54.6761
TAS1,Gas,2021-09-22 14:30:00,54.65563
TAS1,Gas,2021-09-22 14:35:00,54.60331
TAS1,Gas,2021-09-22 14:40:00,27.57038
TAS1,Gas,2021-09-22 14:45:00,26.74822
TAS1,Gas,2021-09-22 14:50:00,26.528219999999997
TAS1,Gas,2021-09-22 14:55:00,26.69869
TAS1,Gas,2021-09-22 15:00:00,27.86683
TAS1,Hydro,2021-09-22 12:00:00,1309.594178
TAS1,Hydro,2021-09-22 12:05:00,1309.8315510000002
TAS1,Hydro,2021-09-22 12:10:00,1326.086447
TAS1,Hydro,2021-09-22 12:15:00,1317.7514379999998
TAS1,Hydro,2021-09-22 12:20:00,1331.3550480000001
TAS1,Hydro,2021-09-22 12:25:00,1323.335282
TAS1,Hydro,2021-09-22 12:30:00,1306.4249489999997
TAS1,Hydro,2021-09-22 12:35:00,1325.0107119999998
TAS1,Hydro,2021-09-22 12:40:00,1314.668645
TAS1,Hydro,2021-09-22 12:45:00,1296.412946
TAS1,Hydro,2021-09-22 12:50:00,1281.7980880000002
TAS1,Hydro,2021-09-22 12:55:00,1303.032119
TAS1,Hydro,2021-09-22 13:00:00,1317.2807380000002
TAS1,Hydro,2021-09-22 13:05:00,1304.810244
TAS1,Hydro,2021-09-22 13:10:00,1307.631231
TAS1,Hydro,2021-09-22 13:15:00,1302.6072159999999
TAS1,Hydro,2021-09-22 13:20:00,1324.97905
TAS1,Hydro,2021-09-22 13:25:00,1309.665336
TAS1,Hydro,2021-09-22 13:30:00,1311.182925
TAS1,Hydro,2021-09-22 13:35:00,1297.5133760000003
TAS1,Hydro,2021-09-22 13:40:00,1263.979939
TAS1,Hydro,2021-09-22 13:45:00,1261.872796
TAS1,Hydro,2021-09-22 13:50:00,1243.9373809999997
TAS1,Hydro,2021-09-22 13:55:00,1229.770013
TAS1,Hydro,2021-09-22 14:00:00,1210.9896850000002
TAS1,Hydro,2021-09-22 14:05:00,1222.676933
TAS1,Hydro,2021-09-22 14:10:00,1204.130845
TAS1,Hydro,2021-09-22 14:15:00,1197.272459
TAS1,Hydro,2021-09-22 14:20:00,1213.910625
TAS1,Hydro,2021-09-22 14:25:00,1228.668762
TAS1,Hydro,2021-09-22 14:30:00,1209.553576
TAS1,Hydro,2021-09-22 14:35:00,1213.478021
TAS1,Hydro,2021-09-22 14:40:00,1242.0306300000002
TAS1,Hydro,2021-09-22 14:45:00,1278.623239
TAS1,Hydro,2021-09-22 14:50:00,1292.5851609999997
TAS1,Hydro,2021-09-22 14:55:00,1311.140641
TAS1,Hydro,2021-09-22 15:00:00,1307.5325539999997
TAS1,Wind,2021-09-22 12:00:00,318.73805
TAS1,Wind,2021-09-22 12:05:00,301.747958
TAS1,Wind,2021-09-22 12:10:00,298.787279
TAS1,Wind,2021-09-22 12:15:00,300.79584800000003
TAS1,Wind,2021-09-22 12:20:00,294.505769
TAS1,Wind,2021-09-22 12:25:00,302.948029
TAS1,Wind,2021-09-22 12:30:00,320.98735800000003
TAS1,Wind,2021-09-22 12:35:00,305.81703999999996
TAS1,Wind,2021-09-22 12:40:00,320.55122
TAS1,Wind,2021-09-22 12:45:00,324.877819
TAS1,Wind,2021-09-22 12:50:00,308.131849
TAS1,Wind,2021-09-22 12:55:00,292.626791
TAS1,Wind,2021-09-22 13:00:00,318.14098
TAS1,Wind,2021-09-22 13:05:00,312.86089000000004
TAS1,Wind,2021-09-22 13:10:00,295.09149899999994
TAS1,Wind,2021-09-22 13:15:00,309.377107
TAS1,Wind,2021-09-22 13:20:00,304.100667
TAS1,Wind,2021-09-22 13:25:00,300.466638
TAS1,Wind,2021-09-22 13:30:00,290.81025
TAS1,Wind,2021-09-22 13:35:00,306.42133900000005
TAS1,Wind,2021-09-22 13:40:00,288.0162
TAS1,Wind,2021-09-22 13:45:00,308.03818900000005
TAS1,Wind,2021-09-22 13:50:00,328.8627
TAS1,Wind,2021-09-22 13:55:00,337.15693
TAS1,Wind,2021-09-22 14:00:00,340.78395
TAS1,Wind,2021-09-22 14:05:00,353.70559
TAS1,Wind,2021-09-22 14:10:00,351.45210899999995
TAS1,Wind,2021-09-22 14:15:00,337.885927
TAS1,Wind,2021-09-22 14:20:00,341.570659
TAS1,Wind,2021-09-22 14:25:00,341.44702900000004
TAS1,Wind,2021-09-22 14:30:00,360.710889
TAS1,Wind,2021-09-22 14:35:00,322.75523899999996
TAS1,Wind,2021-09-22 14:40:00,336.092008
TAS1,Wind,2021-09-22 14:45:00,340.792608
TAS1,Wind,2021-09-22 14:50:00,324.40570899999994
TAS1,Wind,2021-09-22 14:55:00,323.240859
TAS1,Wind,2021-09-22 15:00:00,327.23197899999997
TAS1,Rooftop PV,2021-09-22 12:00:00,135.829
TAS1,Rooftop PV,2021-09-22 12:05:00,136.195833333
TAS1,Rooftop PV,2021-09-22 12:10:00,136.562666667
TAS1,Rooftop PV,2021-09-22 12:15:00,136.9295
TAS1,Rooftop PV,2021-09-22 12:20:00,137.296333333
TAS1,Rooftop PV,2021-09-22 12:25:00,137.663166667
TAS1,Rooftop PV,2021-09-22 12:30:00,138.03
TAS1,Rooftop PV,2021-09-22 12:35:00,138.011333333
TAS1,Rooftop PV,2021-09-22 12:40:00,137.992666667
TAS1,Rooftop PV,2021-09-22 12:45:00,137.974
TAS1,Rooftop PV,2021-09-22 12:50:00,137.955333333
TAS1,Rooftop PV,2021-09-22 12:55:00,137.936666667
TAS1,Rooftop PV,2021-09-22 13:00:00,137.918
TAS1,Rooftop PV,2021-09-22 13:05:00,136.941833333
TAS1,Rooftop PV,2021-09-22 13:10:00,135.965666667
TAS1,Rooftop PV,2021-09-22 13:15:00,134.9895
TAS1,Rooftop PV,2021-09-22 13:20:00,134.013333333
TAS1,Rooftop PV,2021-09-22 13:25:00,133.037166667
TAS1,Rooftop PV,2021-09-22 13:30:00,132.061
TAS1,Rooftop PV,2021-09-22 13:35:00,131.194333333
TAS1,Rooftop PV,2021-09-22 13:40:00,130.327666667
TAS1,Rooftop PV,2021-09-22 13:45:00,129.461
TAS1,Rooftop PV,2021-09-22 13:50:00,128.594333333
TAS1,Rooftop PV,2021-09-22 13:55:00,127.727666667
TAS1,Rooftop PV,2021-09-22 14:00:00,126.861
TAS1,Rooftop PV,2021-09-22 14:05:00,125.3085
TAS1,Rooftop PV,2021-09-22 14:10:00,123.756
TAS1,Rooftop PV,2021-09-22 14:15:00,122.2035
TAS1,Rooftop PV,2021-09-22 14:20:00,120.651
TAS1,Rooftop PV,2021-09-22 14:25:00,119.0985
TAS1,Rooftop PV,2021-09-22 14:30:00,117.546
TAS1,Rooftop PV,2021-09-22 14:35:00,115.433666667
TAS1,Rooftop PV,2021-09-22 14:40:00,113.321333333
TAS1,Rooftop PV,2021-09-22 14:45:00,111.209
TAS1,Rooftop PV,2021-09-22 14:50:00,109.096666667
TAS1,Rooftop PV,2021-09-22 14:55:00,106.984333333
TAS1,Rooftop PV,2021-09-22 15:00:00,104.872